order,cluster,title,slug,primary_keyword,traffic_potential,seo_synergy_links_with
1,Darshan & Tickets,SRIVANI Trust Rs 10000 VIP Break Darshan - How to Book,srivani-trust-vip-break-darshan,srivani trust darshan,High,"tirumala-darshan-ke-prakar, ttd-special-entry-darshan, senior-citizens"
2,Darshan & Tickets,Tirupati VIP Darshan Price 2026 - SRIVANI vs Rs 300 vs Protocol,tirupati-vip-darshan-price,tirupati vip darshan price,High,"srivani-trust-vip-break-darshan, ttd-special-entry-darshan, tirumala-darshan-waiting-time"
3,Darshan & Tickets,Supadham (Supatham) Entrance Darshan Guide,tirumala-supadham-darshan-guide,supadham darshan,Medium,"nri-darshan-guide, tirumala-darshan-ke-prakar"
4,Darshan & Tickets,Angapradakshinam at Tirumala - Process & Token,tirumala-angapradakshinam-guide,angapradakshinam tirumala,Medium,"tirumala-darshan-ke-prakar, ttd-arjitha-sevas-list"
5,Darshan & Tickets,Wheelchair & Physically-Challenged Darshan,tirumala-wheelchair-darshan-guide,tirumala wheelchair darshan,Medium,"senior-citizens-special-facities, tirumala-darshan-ke-prakar"
6,Darshan & Tickets,Tirumala Darshan With Infants & Babies,tirumala-darshan-with-baby,tirumala darshan with baby,Medium,"tirupati-family-stay-guide, tirumala-dress-code-rules"
7,Darshan & Tickets,Tirumala Darshan Today - Options Without Booking,tirumala-darshan-today-without-booking,tirumala darshan today,High,"tirumala-darshan-waiting-time, ttd-darshan-dates-kaise-check-karen, tirumala-darshan-token-system"
8,Darshan & Tickets,Tirumala Temple Timings - Full Daily Schedule,tirumala-temple-timings,tirumala temple timings,High,"tirumala-darshan-ke-prakar, ttd-arjitha-sevas-list, tirumala-darshan-waiting-time"
9,Festivals & Events,TTD Festival Calendar 2026 - Full-Year Dates,ttd-festival-calendar-2026,ttd festival calendar 2026,High,"brahmotsavam-2026-dates-schedule, tirupati-best-time-to-visit"
10,Festivals & Events,Ratha Saptami Tirumala - One-Day 7-Vahana Darshan,ratha-saptami-tirumala-guide,ratha saptami tirumala,Medium,"brahmotsavam-2026-dates-schedule, ttd-festival-calendar-2026"
11,Temple Experience,Sri Varaha Swamy Temple Tirumala - Visit First,varaha-swamy-temple-tirumala,varaha swamy temple tirumala,Medium,"tirumala-mandir-itihas, tirumala-darshan-ke-prakar"
12,Temple Experience,Things to Do in Tirumala (Beyond Darshan),things-to-do-in-tirumala,things to do in tirumala,Medium,"tirupati-2-day-itinerary, tirumala-annadanam-guide, tirumala-laddu-prasad-guide"
13,Temple Experience,Govinda Koti - Free Break Darshan for Under-25,govinda-koti-darshan-guide,govinda koti darshan,Medium,"tirupati-vip-darshan-price, ttd-special-entry-darshan, tirumala-darshan-ke-prakar"
14,Nearby Temples & Attractions,Kanipakam Vinayaka Temple Guide,kanipakam-vinayaka-temple-guide,kanipakam temple,High,"sri-kalahasti-temple-guide, tirupati-town-guide"
15,Nearby Temples & Attractions,Talakona Waterfalls Guide (from Tirupati),talakona-waterfalls-guide,talakona waterfalls,Medium,"tirupati-town-guide, tirupati-local-transport-guide"
16,Nearby Temples & Attractions,Horsley Hills from Tirupati - Weekend Guide,horsley-hills-from-tirupati,horsley hills tirupati,Medium,"tirupati-tour-packages-guide, talakona-waterfalls-guide"
17,Nearby Temples & Attractions,Govindaraja Swamy Temple Tirupati,govindaraja-swamy-temple-tirupati,govindaraja swamy temple,Medium,"tirupati-town-guide, tiruchanur-padmavathi-temple-guide"
18,Nearby Temples & Attractions,Tiruttani Murugan Temple Guide,tiruttani-murugan-temple-guide,tiruttani temple,Medium,"sri-kalahasti-temple-guide, kanipakam-vinayaka-temple-guide"
19,City-Pair How to Reach,Pune to Tirupati - Train Flight & Bus,pune-se-tirupati-kaise-jayen,pune to tirupati,High,"mumbai-se-tirupati-kaise-jayen, tirupati-se-tirumala-kaise-jayen"
20,City-Pair How to Reach,Kolkata to Tirupati - Train & Flight,kolkata-se-tirupati-kaise-jayen,kolkata to tirupati,High,"delhi-se-tirupati-kaise-jayen, tirupati-se-tirumala-kaise-jayen"
21,City-Pair How to Reach,Vijayawada to Tirupati,vijayawada-se-tirupati-kaise-jayen,vijayawada to tirupati,Medium,"hyderabad-se-tirupati-kaise-jayen, tirupati-airport-guide"
22,City-Pair How to Reach,Visakhapatnam (Vizag) to Tirupati,visakhapatnam-se-tirupati-kaise-jayen,visakhapatnam to tirupati,Medium,"vijayawada-se-tirupati-kaise-jayen, tirupati-se-tirumala-kaise-jayen"
23,City-Pair How to Reach,Jaipur to Tirupati,jaipur-se-tirupati-kaise-jayen,jaipur to tirupati,Medium,"delhi-se-tirupati-kaise-jayen, tirupati-yatra-total-budget"
24,City-Pair How to Reach,Patna to Tirupati,patna-se-tirupati-kaise-jayen,patna to tirupati,Medium,"lucknow-se-tirupati-kaise-jayen, varanasi-se-tirupati-kaise-jayen"
25,Planning & Practical,Kanchipuram + Tirupati Combined Trip,kanchipuram-tirupati-trip,kanchipuram to tirupati,Medium,"chennai-se-tirumala-kaise-jayen, tirupati-3-day-itinerary"
26,Planning & Practical,Tirupati 3-Day Itinerary (+ Kalahasti & Kanipakam),tirupati-3-day-itinerary,tirupati 3 day itinerary,High,"tirupati-1-day-darshan, tirupati-2-day-itinerary, sri-kalahasti-temple-guide, kanipakam-vinayaka-temple-guide"
27,Planning & Practical,TTD Online Donation & e-Hundi Guide,ttd-online-donation-guide,ttd online donation,Medium,"srivani-trust-vip-break-darshan, ttd-arjitha-sevas-list"
28,Planning & Practical,Tirumala Live Darshan Online (SVBC / App),tirumala-live-darshan-online,tirumala live darshan,High,"ttd-mobile-app-guide, tirumala-temple-timings"
29,Planning & Practical,Tirupati Tour Packages - 1-Day & 2-Day Compared,tirupati-tour-packages-guide,tirupati tour packages,Medium,"tirupati-1-day-darshan, tirupati-2-day-itinerary, tirupati-local-transport-guide"
30,Planning & Practical,Beware - Fake Tirupati Booking Sites & Broker Scams,tirupati-darshan-booking-scams,tirupati darshan booking fraud,Medium,"ttd-booking-site-crash-tips, ttd-special-entry-darshan, ttd-mobile-app-guide"
